-- MySQL dump 10.13  Distrib 5.7.38, for Win64 (x86_64)
--
-- Host: 127.0.0.1    Database: sport
-- ------------------------------------------------------
-- Server version	5.7.38

/*!40101 SET @OLD_CHARACTER_SET_CLIENT=@@CHARACTER_SET_CLIENT */;
/*!40101 SET @OLD_CHARACTER_SET_RESULTS=@@CHARACTER_SET_RESULTS */;
/*!40101 SET @OLD_COLLATION_CONNECTION=@@COLLATION_CONNECTION */;
/*!40101 SET NAMES utf8 */;
/*!40103 SET @OLD_TIME_ZONE=@@TIME_ZONE */;
/*!40103 SET TIME_ZONE='+00:00' */;
/*!40014 SET @OLD_UNIQUE_CHECKS=@@UNIQUE_CHECKS, UNIQUE_CHECKS=0 */;
/*!40014 SET @OLD_FOREIGN_KEY_CHECKS=@@FOREIGN_KEY_CHECKS, FOREIGN_KEY_CHECKS=0 */;
/*!40101 SET @OLD_SQL_MODE=@@SQL_MODE, SQL_MODE='NO_AUTO_VALUE_ON_ZERO' */;
/*!40111 SET @OLD_SQL_NOTES=@@SQL_NOTES, SQL_NOTES=0 */;

--
-- Table structure for table `sport_config`
--

DROP TABLE IF EXISTS `sport_config`;
/*!40101 SET @saved_cs_client     = @@character_set_client */;
/*!40101 SET character_set_client = utf8 */;
CREATE TABLE `sport_config` (
  `create_year` int(11) NOT NULL COMMENT '比赛年份',
  `status` tinyint(4) DEFAULT '0' COMMENT '状态 0报名未开始 1报名中 2报名结束-分组中 3分组完成-比赛进行中 4比赛已结束',
  `progress` tinyint(4) DEFAULT NULL COMMENT '比赛进度',
  `round` tinyint(4) DEFAULT NULL COMMENT '轮次',
  `group` int(11) DEFAULT NULL COMMENT '箭组号',
  `male_target_count` int(11) DEFAULT NULL COMMENT '男子组靶子数量',
  `female_target_count` int(11) DEFAULT NULL COMMENT '女子组靶子数量',
  `modify_flag` tinyint(4) DEFAULT NULL COMMENT '编辑开关 0关闭 1开启',
  PRIMARY KEY (`create_year`)
) ENGINE=InnoDB DEFAULT CHARSET=utf8mb4 COLLATE=utf8mb4_bin COMMENT='射箭比赛配置';
/*!40101 SET character_set_client = @saved_cs_client */;

--
-- Dumping data for table `sport_config`
--

LOCK TABLES `sport_config` WRITE;
/*!40000 ALTER TABLE `sport_config` DISABLE KEYS */;
INSERT INTO `sport_config` VALUES (2020,0,1,1,1,NULL,NULL,NULL),(2021,0,1,1,1,NULL,NULL,NULL),(2022,0,1,1,1,NULL,NULL,NULL),(2023,3,1,4,6,1,3,NULL),(2024,0,1,1,1,NULL,NULL,NULL),(2025,0,1,1,1,NULL,NULL,NULL),(2026,0,1,1,1,NULL,NULL,NULL),(2027,0,1,1,1,NULL,NULL,NULL),(2028,0,1,1,1,NULL,NULL,NULL),(2029,0,1,1,1,NULL,NULL,NULL),(2030,0,1,1,1,NULL,NULL,NULL),(2031,0,1,1,1,NULL,NULL,NULL),(2032,0,1,1,1,NULL,NULL,NULL),(2033,0,1,1,1,NULL,NULL,NULL),(2034,0,1,1,1,NULL,NULL,NULL),(2035,0,1,1,1,NULL,NULL,NULL),(2036,0,1,1,1,NULL,NULL,NULL),(2037,0,1,1,1,NULL,NULL,NULL),(2038,0,1,1,1,NULL,NULL,NULL),(2039,0,1,1,1,NULL,NULL,NULL),(2040,0,1,1,1,NULL,NULL,NULL),(2041,0,1,1,1,NULL,NULL,NULL),(2042,0,1,1,1,NULL,NULL,NULL),(2043,0,1,1,1,NULL,NULL,NULL),(2044,0,1,1,1,NULL,NULL,NULL),(2045,0,1,1,1,NULL,NULL,NULL),(2046,0,1,1,1,NULL,NULL,NULL),(2047,0,1,1,1,NULL,NULL,NULL),(2048,0,1,1,1,NULL,NULL,NULL),(2049,0,1,1,1,NULL,NULL,NULL),(2050,0,1,1,1,NULL,NULL,NULL),(2051,0,1,1,1,NULL,NULL,NULL),(2052,0,1,1,1,NULL,NULL,NULL),(2053,0,1,1,1,NULL,NULL,NULL),(2054,0,1,1,1,NULL,NULL,NULL),(2055,0,1,1,1,NULL,NULL,NULL),(2056,0,1,1,1,NULL,NULL,NULL),(2057,0,1,1,1,NULL,NULL,NULL),(2058,0,1,1,1,NULL,NULL,NULL),(2059,0,1,1,1,NULL,NULL,NULL),(2060,0,1,1,1,NULL,NULL,NULL),(2061,0,1,1,1,NULL,NULL,NULL),(2062,0,1,1,1,NULL,NULL,NULL),(2063,0,1,1,1,NULL,NULL,NULL),(2064,0,1,1,1,NULL,NULL,NULL),(2065,0,1,1,1,NULL,NULL,NULL),(2066,0,1,1,1,NULL,NULL,NULL),(2067,0,1,1,1,NULL,NULL,NULL),(2068,0,1,1,1,NULL,NULL,NULL),(2069,0,1,1,1,NULL,NULL,NULL),(2070,0,1,1,1,NULL,NULL,NULL),(2071,0,1,1,1,NULL,NULL,NULL),(2072,0,1,1,1,NULL,NULL,NULL),(2073,0,1,1,1,NULL,NULL,NULL),(2074,0,1,1,1,NULL,NULL,NULL),(2075,0,1,1,1,NULL,NULL,NULL),(2076,0,1,1,1,NULL,NULL,NULL),(2077,0,1,1,1,NULL,NULL,NULL),(2078,0,1,1,1,NULL,NULL,NULL),(2079,0,1,1,1,NULL,NULL,NULL),(2080,0,1,1,1,NULL,NULL,NULL),(2081,0,1,1,1,NULL,NULL,NULL),(2082,0,1,1,1,NULL,NULL,NULL),(2083,0,1,1,1,NULL,NULL,NULL),(2084,0,1,1,1,NULL,NULL,NULL),(2085,0,1,1,1,NULL,NULL,NULL),(2086,0,1,1,1,NULL,NULL,NULL),(2087,0,1,1,1,NULL,NULL,NULL),(2088,0,1,1,1,NULL,NULL,NULL),(2089,0,1,1,1,NULL,NULL,NULL),(2090,0,1,1,1,NULL,NULL,NULL),(2091,0,1,1,1,NULL,NULL,NULL),(2092,0,1,1,1,NULL,NULL,NULL),(2093,0,1,1,1,NULL,NULL,NULL),(2094,0,1,1,1,NULL,NULL,NULL),(2095,0,1,1,1,NULL,NULL,NULL),(2096,0,1,1,1,NULL,NULL,NULL),(2097,0,1,1,1,NULL,NULL,NULL),(2098,0,1,1,1,NULL,NULL,NULL),(2099,0,1,1,1,NULL,NULL,NULL),(2100,0,1,1,1,NULL,NULL,NULL),(2101,0,1,1,1,NULL,NULL,NULL),(2102,0,1,1,1,NULL,NULL,NULL),(2103,0,1,1,1,NULL,NULL,NULL),(2104,0,1,1,1,NULL,NULL,NULL),(2105,0,1,1,1,NULL,NULL,NULL),(2106,0,1,1,1,NULL,NULL,NULL),(2107,0,1,1,1,NULL,NULL,NULL),(2108,0,1,1,1,NULL,NULL,NULL),(2109,0,1,1,1,NULL,NULL,NULL),(2110,0,1,1,1,NULL,NULL,NULL),(2111,0,1,1,1,NULL,NULL,NULL),(2112,0,1,1,1,NULL,NULL,NULL),(2113,0,1,1,1,NULL,NULL,NULL),(2114,0,1,1,1,NULL,NULL,NULL),(2115,0,1,1,1,NULL,NULL,NULL),(2116,0,1,1,1,NULL,NULL,NULL),(2117,0,1,1,1,NULL,NULL,NULL),(2118,0,1,1,1,NULL,NULL,NULL),(2119,0,1,1,1,NULL,NULL,NULL),(2120,0,1,1,1,NULL,NULL,NULL),(2121,0,1,1,1,NULL,NULL,NULL),(2122,0,1,1,1,NULL,NULL,NULL),(2123,0,1,1,1,NULL,NULL,NULL),(2124,0,1,1,1,NULL,NULL,NULL),(2125,0,1,1,1,NULL,NULL,NULL),(2126,0,1,1,1,NULL,NULL,NULL),(2127,0,1,1,1,NULL,NULL,NULL),(2128,0,1,1,1,NULL,NULL,NULL),(2129,0,1,1,1,NULL,NULL,NULL),(2130,0,1,1,1,NULL,NULL,NULL);
/*!40000 ALTER TABLE `sport_config` ENABLE KEYS */;
UNLOCK TABLES;

--
-- Table structure for table `sport_participant`
--

DROP TABLE IF EXISTS `sport_participant`;
/*!40101 SET @saved_cs_client     = @@character_set_client */;
/*!40101 SET character_set_client = utf8 */;
CREATE TABLE `sport_participant` (
  `id` int(11) NOT NULL AUTO_INCREMENT COMMENT '参赛人员编号',
  `name` varchar(32) COLLATE utf8mb4_bin DEFAULT NULL COMMENT '姓名',
  `sex` tinyint(4) DEFAULT NULL COMMENT '性别: 0女 1男',
  `birthday` date DEFAULT NULL COMMENT '出生年月',
  `id_number` varchar(32) COLLATE utf8mb4_bin NOT NULL COMMENT '身份证号',
  `nation` varchar(32) COLLATE utf8mb4_bin DEFAULT NULL COMMENT '民族',
  `category` varchar(32) COLLATE utf8mb4_bin DEFAULT NULL COMMENT '人员类别',
  `notes` varchar(255) COLLATE utf8mb4_bin DEFAULT NULL COMMENT '备注',
  `location` varchar(255) COLLATE utf8mb4_bin DEFAULT NULL COMMENT '单位',
  `target` int(11) DEFAULT NULL COMMENT '靶子序号',
  `index_in_target` tinyint(4) DEFAULT NULL COMMENT '组中序号1A 2B 3C 4D',
  `create_time` datetime DEFAULT NULL COMMENT '报名时间',
  `create_year` int(11) DEFAULT NULL,
  PRIMARY KEY (`id`),
  UNIQUE KEY `sport_participant_pk` (`id_number`,`create_year`)
) ENGINE=InnoDB AUTO_INCREMENT=32 DEFAULT CHARSET=utf8mb4 COLLATE=utf8mb4_bin COMMENT='参赛人员表';
/*!40101 SET character_set_client = @saved_cs_client */;

--
-- Dumping data for table `sport_participant`
--

LOCK TABLES `sport_participant` WRITE;
/*!40000 ALTER TABLE `sport_participant` DISABLE KEYS */;
INSERT INTO `sport_participant` VALUES (16,'zhangsan',0,'2023-09-09','140404200101010000','汉','','','北京',3,2,'2023-09-03 13:33:53',2023),(18,'zhangsan',0,NULL,'140404200101010001','汉','','','山西',2,3,'2023-09-03 13:33:58',2023),(19,'zhangsan',0,NULL,'140404200101010002','汉','','','山西',3,3,'2023-09-03 13:34:03',2023),(20,'zhangsan',0,NULL,'140404200101010003','汉','','','北京',2,2,'2023-09-03 13:34:07',2023),(21,'zhangsan',0,NULL,'140404200101010004','汉','','','上海',1,1,'2023-09-03 13:34:10',2023),(22,'zhangsan',0,NULL,'140404200101010005','汉','','','上海',2,1,'2023-09-03 13:34:12',2023),(23,'zhangsan',0,NULL,'140404200101010006','汉','','','北京',1,2,'2023-09-03 13:34:15',2023),(24,'zhangsan',0,NULL,'140404200101010007','汉','','','山西',3,4,'2023-09-03 13:34:19',2023),(25,'zhangsan',0,NULL,'140404200101010008','汉','','','山西',2,4,'2023-09-03 13:34:22',2023),(26,'zhangsan',0,NULL,'140404200101010009','汉','','','北京',1,3,'2023-09-03 13:34:26',2023),(27,'zhangsan',0,NULL,'140404200101010010','汉','','','上海',3,1,'2023-09-03 13:34:33',2023),(31,'哦豁',0,'2023-09-01','140404200101010088','汉','这是导入的',NULL,'北京',NULL,NULL,'2023-09-09 01:39:25',2023);
/*!40000 ALTER TABLE `sport_participant` ENABLE KEYS */;
UNLOCK TABLES;
/*!50003 SET @saved_cs_client      = @@character_set_client */ ;
/*!50003 SET @saved_cs_results     = @@character_set_results */ ;
/*!50003 SET @saved_col_connection = @@collation_connection */ ;
/*!50003 SET character_set_client  = utf8mb4 */ ;
/*!50003 SET character_set_results = utf8mb4 */ ;
/*!50003 SET collation_connection  = utf8mb4_general_ci */ ;
/*!50003 SET @saved_sql_mode       = @@sql_mode */ ;
/*!50003 SET sql_mode              = 'ONLY_FULL_GROUP_BY,STRICT_TRANS_TABLES,NO_ZERO_IN_DATE,NO_ZERO_DATE,ERROR_FOR_DIVISION_BY_ZERO,NO_ENGINE_SUBSTITUTION' */ ;
DELIMITER ;;
/*!50003 CREATE*/ /*!50017 DEFINER=`root`@`localhost`*/ /*!50003 trigger insert_create_year
    before insert
    on sport_participant
    for each row
BEGIN
  SET NEW.create_year = YEAR(NEW.create_time);
END */;;
DELIMITER ;
/*!50003 SET sql_mode              = @saved_sql_mode */ ;
/*!50003 SET character_set_client  = @saved_cs_client */ ;
/*!50003 SET character_set_results = @saved_cs_results */ ;
/*!50003 SET collation_connection  = @saved_col_connection */ ;
/*!50003 SET @saved_cs_client      = @@character_set_client */ ;
/*!50003 SET @saved_cs_results     = @@character_set_results */ ;
/*!50003 SET @saved_col_connection = @@collation_connection */ ;
/*!50003 SET character_set_client  = utf8mb4 */ ;
/*!50003 SET character_set_results = utf8mb4 */ ;
/*!50003 SET collation_connection  = utf8mb4_general_ci */ ;
/*!50003 SET @saved_sql_mode       = @@sql_mode */ ;
/*!50003 SET sql_mode              = 'ONLY_FULL_GROUP_BY,STRICT_TRANS_TABLES,NO_ZERO_IN_DATE,NO_ZERO_DATE,ERROR_FOR_DIVISION_BY_ZERO,NO_ENGINE_SUBSTITUTION' */ ;
DELIMITER ;;
/*!50003 CREATE*/ /*!50017 DEFINER=`root`@`localhost`*/ /*!50003 TRIGGER update_create_year
BEFORE UPDATE ON sport_participant
FOR EACH ROW
BEGIN
  SET NEW.create_year = YEAR(NEW.create_time);
END */;;
DELIMITER ;
/*!50003 SET sql_mode              = @saved_sql_mode */ ;
/*!50003 SET character_set_client  = @saved_cs_client */ ;
/*!50003 SET character_set_results = @saved_cs_results */ ;
/*!50003 SET collation_connection  = @saved_col_connection */ ;

--
-- Table structure for table `sport_score`
--

DROP TABLE IF EXISTS `sport_score`;
/*!40101 SET @saved_cs_client     = @@character_set_client */;
/*!40101 SET character_set_client = utf8 */;
CREATE TABLE `sport_score` (
  `id` int(11) NOT NULL AUTO_INCREMENT,
  `participant_id` int(11) DEFAULT NULL COMMENT '参赛者id',
  `score` int(11) DEFAULT NULL COMMENT '得分',
  `round` int(11) DEFAULT NULL COMMENT '轮次',
  `group` int(11) DEFAULT NULL COMMENT '组号',
  `order` int(11) DEFAULT NULL COMMENT '箭序号',
  `x` tinyint(4) DEFAULT NULL COMMENT '是否是x(0否1是)',
  PRIMARY KEY (`id`)
) ENGINE=InnoDB AUTO_INCREMENT=9785 DEFAULT CHARSET=utf8mb4 COLLATE=utf8mb4_bin;
/*!40101 SET character_set_client = @saved_cs_client */;

--
-- Dumping data for table `sport_score`
--

LOCK TABLES `sport_score` WRITE;
/*!40000 ALTER TABLE `sport_score` DISABLE KEYS */;
INSERT INTO `sport_score` VALUES (8198,18,6,1,1,2,0),(8199,18,10,1,1,1,0),(8200,18,2,1,1,4,0),(8201,18,7,1,1,4,0),(8202,18,1,1,1,3,0),(8203,18,3,1,1,4,0),(8204,19,6,1,1,6,0),(8205,19,7,1,1,5,0),(8206,19,7,1,1,1,0),(8207,19,2,1,1,5,0),(8208,19,5,1,1,6,0),(8209,19,2,1,1,2,0),(8210,20,4,1,1,2,0),(8211,20,4,1,1,5,0),(8212,20,5,1,1,2,0),(8213,20,10,1,1,1,0),(8214,20,8,1,1,2,0),(8215,20,3,1,1,3,0),(8216,21,5,1,1,6,0),(8217,21,3,1,1,4,0),(8218,21,4,1,1,5,0),(8219,21,7,1,1,6,0),(8220,21,9,1,1,4,0),(8221,21,2,1,1,1,0),(8222,22,8,1,1,3,0),(8223,22,3,1,1,6,0),(8224,22,6,1,1,2,0),(8225,22,5,1,1,4,0),(8226,22,9,1,1,2,0),(8227,22,6,1,1,2,0),(8228,23,2,1,1,3,0),(8229,23,5,1,1,6,0),(8230,23,6,1,1,1,0),(8231,23,5,1,1,1,0),(8232,23,8,1,1,6,0),(8233,23,9,1,1,6,0),(8234,24,8,1,1,1,0),(8235,24,5,1,1,1,0),(8236,24,6,1,1,5,0),(8237,24,10,1,1,5,0),(8238,24,1,1,1,5,0),(8239,24,8,1,1,3,0),(8240,25,10,1,1,4,0),(8241,25,7,1,1,4,0),(8242,25,2,1,1,1,0),(8243,25,8,1,1,4,0),(8244,25,6,1,1,6,0),(8245,25,10,1,1,1,0),(8246,26,9,1,1,4,0),(8247,26,8,1,1,6,0),(8248,26,4,1,1,6,0),(8249,26,8,1,1,6,0),(8250,26,5,1,1,2,0),(8251,26,10,1,1,6,0),(8252,27,7,1,1,4,0),(8253,27,10,1,1,6,0),(8254,27,1,1,1,3,0),(8255,27,7,1,1,2,0),(8256,27,5,1,1,3,0),(8257,27,6,1,1,3,0),(8261,16,9,1,1,1,NULL),(8262,16,10,1,1,2,1),(8263,16,10,1,1,3,NULL),(8264,16,9,1,1,4,NULL),(8265,16,10,1,1,5,NULL),(8266,16,8,1,1,6,NULL),(8267,16,9,1,2,1,NULL),(8268,16,10,1,2,2,1),(8269,16,10,1,2,3,NULL),(8270,16,9,1,2,4,NULL),(8271,16,10,1,2,5,NULL),(8272,16,8,1,2,6,NULL),(8273,18,10,1,2,1,0),(8274,18,6,1,2,2,0),(8275,18,1,1,2,3,0),(8276,18,2,1,2,4,0),(8277,18,7,1,2,4,0),(8278,18,3,1,2,4,0),(8279,19,7,1,2,1,0),(8280,19,2,1,2,2,0),(8281,19,7,1,2,5,0),(8282,19,2,1,2,5,0),(8283,19,6,1,2,6,0),(8284,19,5,1,2,6,0),(8285,20,10,1,2,1,0),(8286,20,4,1,2,2,0),(8287,20,8,1,2,2,0),(8288,20,5,1,2,2,0),(8289,20,3,1,2,3,0),(8290,20,4,1,2,5,0),(8291,21,2,1,2,1,0),(8292,21,3,1,2,4,0),(8293,21,9,1,2,4,0),(8294,21,4,1,2,5,0),(8295,21,7,1,2,6,0),(8296,21,5,1,2,6,0),(8297,22,6,1,2,2,0),(8298,22,9,1,2,2,0),(8299,22,6,1,2,2,0),(8300,22,8,1,2,3,0),(8301,22,5,1,2,4,0),(8302,22,3,1,2,6,0),(8303,23,6,1,2,1,0),(8304,23,5,1,2,1,0),(8305,23,2,1,2,3,0),(8306,23,5,1,2,6,0),(8307,23,8,1,2,6,0),(8308,23,9,1,2,6,0),(8309,24,8,1,2,1,0),(8310,24,5,1,2,1,0),(8311,24,8,1,2,3,0),(8312,24,6,1,2,5,0),(8313,24,10,1,2,5,0),(8314,24,1,1,2,5,0),(8315,25,2,1,2,1,0),(8316,25,10,1,2,1,0),(8317,25,10,1,2,4,0),(8318,25,7,1,2,4,0),(8319,25,8,1,2,4,0),(8320,25,6,1,2,6,0),(8321,26,5,1,2,2,0),(8322,26,9,1,2,4,0),(8323,26,4,1,2,6,0),(8324,26,8,1,2,6,0),(8325,26,10,1,2,6,0),(8326,26,8,1,2,6,0),(8327,27,7,1,2,2,0),(8328,27,1,1,2,3,0),(8329,27,5,1,2,3,0),(8330,27,6,1,2,3,0),(8331,27,7,1,2,4,0),(8332,27,10,1,2,6,0),(8333,16,9,1,3,1,NULL),(8334,16,10,1,3,2,1),(8335,16,10,1,3,3,NULL),(8336,16,9,1,3,4,NULL),(8337,16,10,1,3,5,NULL),(8338,16,8,1,3,6,NULL),(8339,18,10,1,3,1,0),(8340,18,6,1,3,2,0),(8341,18,1,1,3,3,0),(8342,18,2,1,3,4,0),(8343,18,7,1,3,4,0),(8344,18,3,1,3,4,0),(8345,19,7,1,3,1,0),(8346,19,2,1,3,2,0),(8347,19,7,1,3,5,0),(8348,19,2,1,3,5,0),(8349,19,6,1,3,6,0),(8350,19,5,1,3,6,0),(8351,20,10,1,3,1,0),(8352,20,4,1,3,2,0),(8353,20,5,1,3,2,0),(8354,20,8,1,3,2,0),(8355,20,3,1,3,3,0),(8356,20,4,1,3,5,0),(8357,21,2,1,3,1,0),(8358,21,3,1,3,4,0),(8359,21,9,1,3,4,0),(8360,21,4,1,3,5,0),(8361,21,5,1,3,6,0),(8362,21,7,1,3,6,0),(8363,22,6,1,3,2,0),(8364,22,9,1,3,2,0),(8365,22,6,1,3,2,0),(8366,22,8,1,3,3,0),(8367,22,5,1,3,4,0),(8368,22,3,1,3,6,0),(8369,23,6,1,3,1,0),(8370,23,5,1,3,1,0),(8371,23,2,1,3,3,0),(8372,23,5,1,3,6,0),(8373,23,8,1,3,6,0),(8374,23,9,1,3,6,0),(8375,24,8,1,3,1,0),(8376,24,5,1,3,1,0),(8377,24,8,1,3,3,0),(8378,24,6,1,3,5,0),(8379,24,10,1,3,5,0),(8380,24,1,1,3,5,0),(8381,25,2,1,3,1,0),(8382,25,10,1,3,1,0),(8383,25,10,1,3,4,0),(8384,25,7,1,3,4,0),(8385,25,8,1,3,4,0),(8386,25,6,1,3,6,0),(8387,26,5,1,3,2,0),(8388,26,9,1,3,4,0),(8389,26,8,1,3,6,0),(8390,26,4,1,3,6,0),(8391,26,8,1,3,6,0),(8392,26,10,1,3,6,0),(8393,27,7,1,3,2,0),(8394,27,1,1,3,3,0),(8395,27,5,1,3,3,0),(8396,27,6,1,3,3,0),(8397,27,7,1,3,4,0),(8398,27,10,1,3,6,0),(8399,16,9,1,4,1,NULL),(8400,16,10,1,4,2,1),(8401,16,10,1,4,3,NULL),(8402,16,9,1,4,4,NULL),(8403,16,10,1,4,5,NULL),(8404,16,8,1,4,6,NULL),(8405,18,10,1,4,1,0),(8406,18,6,1,4,2,0),(8407,18,1,1,4,3,0),(8408,18,2,1,4,4,0),(8409,18,7,1,4,4,0),(8410,18,3,1,4,4,0),(8411,19,7,1,4,1,0),(8412,19,2,1,4,2,0),(8413,19,7,1,4,5,0),(8414,19,2,1,4,5,0),(8415,19,6,1,4,6,0),(8416,19,5,1,4,6,0),(8417,20,10,1,4,1,0),(8418,20,4,1,4,2,0),(8419,20,8,1,4,2,0),(8420,20,5,1,4,2,0),(8421,20,3,1,4,3,0),(8422,20,4,1,4,5,0),(8423,21,2,1,4,1,0),(8424,21,3,1,4,4,0),(8425,21,9,1,4,4,0),(8426,21,4,1,4,5,0),(8427,21,7,1,4,6,0),(8428,21,5,1,4,6,0),(8429,22,6,1,4,2,0),(8430,22,9,1,4,2,0),(8431,22,6,1,4,2,0),(8432,22,8,1,4,3,0),(8433,22,5,1,4,4,0),(8434,22,3,1,4,6,0),(8435,23,6,1,4,1,0),(8436,23,5,1,4,1,0),(8437,23,2,1,4,3,0),(8438,23,5,1,4,6,0),(8439,23,8,1,4,6,0),(8440,23,9,1,4,6,0),(8441,24,8,1,4,1,0),(8442,24,5,1,4,1,0),(8443,24,8,1,4,3,0),(8444,24,6,1,4,5,0),(8445,24,10,1,4,5,0),(8446,24,1,1,4,5,0),(8447,25,2,1,4,1,0),(8448,25,10,1,4,1,0),(8449,25,10,1,4,4,0),(8450,25,7,1,4,4,0),(8451,25,8,1,4,4,0),(8452,25,6,1,4,6,0),(8453,26,5,1,4,2,0),(8454,26,9,1,4,4,0),(8455,26,4,1,4,6,0),(8456,26,8,1,4,6,0),(8457,26,10,1,4,6,0),(8458,26,8,1,4,6,0),(8459,27,7,1,4,2,0),(8460,27,1,1,4,3,0),(8461,27,5,1,4,3,0),(8462,27,6,1,4,3,0),(8463,27,7,1,4,4,0),(8464,27,10,1,4,6,0),(8465,16,9,1,5,1,NULL),(8466,16,10,1,5,2,1),(8467,16,10,1,5,3,NULL),(8468,16,9,1,5,4,NULL),(8469,16,10,1,5,5,NULL),(8470,16,8,1,5,6,NULL),(8471,18,10,1,5,1,0),(8472,18,6,1,5,2,0),(8473,18,1,1,5,3,0),(8474,18,2,1,5,4,0),(8475,18,7,1,5,4,0),(8476,18,3,1,5,4,0),(8477,19,7,1,5,1,0),(8478,19,2,1,5,2,0),(8479,19,7,1,5,5,0),(8480,19,2,1,5,5,0),(8481,19,6,1,5,6,0),(8482,19,5,1,5,6,0),(8483,20,10,1,5,1,0),(8484,20,4,1,5,2,0),(8485,20,5,1,5,2,0),(8486,20,8,1,5,2,0),(8487,20,3,1,5,3,0),(8488,20,4,1,5,5,0),(8489,21,2,1,5,1,0),(8490,21,3,1,5,4,0),(8491,21,9,1,5,4,0),(8492,21,4,1,5,5,0),(8493,21,5,1,5,6,0),(8494,21,7,1,5,6,0),(8495,22,6,1,5,2,0),(8496,22,9,1,5,2,0),(8497,22,6,1,5,2,0),(8498,22,8,1,5,3,0),(8499,22,5,1,5,4,0),(8500,22,3,1,5,6,0),(8501,23,6,1,5,1,0),(8502,23,5,1,5,1,0),(8503,23,2,1,5,3,0),(8504,23,5,1,5,6,0),(8505,23,8,1,5,6,0),(8506,23,9,1,5,6,0),(8507,24,8,1,5,1,0),(8508,24,5,1,5,1,0),(8509,24,8,1,5,3,0),(8510,24,6,1,5,5,0),(8511,24,10,1,5,5,0),(8512,24,1,1,5,5,0),(8513,25,2,1,5,1,0),(8514,25,10,1,5,1,0),(8515,25,10,1,5,4,0),(8516,25,7,1,5,4,0),(8517,25,8,1,5,4,0),(8518,25,6,1,5,6,0),(8519,26,5,1,5,2,0),(8520,26,9,1,5,4,0),(8521,26,8,1,5,6,0),(8522,26,4,1,5,6,0),(8523,26,8,1,5,6,0),(8524,26,10,1,5,6,0),(8525,27,7,1,5,2,0),(8526,27,1,1,5,3,0),(8527,27,5,1,5,3,0),(8528,27,6,1,5,3,0),(8529,27,7,1,5,4,0),(8530,27,10,1,5,6,0),(8531,16,9,1,6,1,NULL),(8532,16,10,1,6,2,1),(8533,16,10,1,6,3,NULL),(8534,16,9,1,6,4,NULL),(8535,16,10,1,6,5,NULL),(8536,16,8,1,6,6,NULL),(8537,18,10,1,6,1,0),(8538,18,6,1,6,2,0),(8539,18,1,1,6,3,0),(8540,18,2,1,6,4,0),(8541,18,7,1,6,4,0),(8542,18,3,1,6,4,0),(8543,19,7,1,6,1,0),(8544,19,2,1,6,2,0),(8545,19,7,1,6,5,0),(8546,19,2,1,6,5,0),(8547,19,6,1,6,6,0),(8548,19,5,1,6,6,0),(8549,20,10,1,6,1,0),(8550,20,4,1,6,2,0),(8551,20,8,1,6,2,0),(8552,20,5,1,6,2,0),(8553,20,3,1,6,3,0),(8554,20,4,1,6,5,0),(8555,21,2,1,6,1,0),(8556,21,3,1,6,4,0),(8557,21,9,1,6,4,0),(8558,21,4,1,6,5,0),(8559,21,7,1,6,6,0),(8560,21,5,1,6,6,0),(8561,22,6,1,6,2,0),(8562,22,9,1,6,2,0),(8563,22,6,1,6,2,0),(8564,22,8,1,6,3,0),(8565,22,5,1,6,4,0),(8566,22,3,1,6,6,0),(8567,23,6,1,6,1,0),(8568,23,5,1,6,1,0),(8569,23,2,1,6,3,0),(8570,23,5,1,6,6,0),(8571,23,8,1,6,6,0),(8572,23,9,1,6,6,0),(8573,24,8,1,6,1,0),(8574,24,5,1,6,1,0),(8575,24,8,1,6,3,0),(8576,24,6,1,6,5,0),(8577,24,10,1,6,5,0),(8578,24,1,1,6,5,0),(8579,25,2,1,6,1,0),(8580,25,10,1,6,1,0),(8581,25,10,1,6,4,0),(8582,25,7,1,6,4,0),(8583,25,8,1,6,4,0),(8584,25,6,1,6,6,0),(8585,26,5,1,6,2,0),(8586,26,9,1,6,4,0),(8587,26,4,1,6,6,0),(8588,26,8,1,6,6,0),(8589,26,10,1,6,6,0),(8590,26,8,1,6,6,0),(8591,27,7,1,6,2,0),(8592,27,1,1,6,3,0),(8593,27,5,1,6,3,0),(8594,27,6,1,6,3,0),(8595,27,7,1,6,4,0),(8596,27,10,1,6,6,0),(8597,16,9,2,1,1,NULL),(8598,16,10,2,1,2,1),(8599,16,10,2,1,3,NULL),(8600,16,9,2,1,4,NULL),(8601,16,10,2,1,5,NULL),(8602,16,8,2,1,6,NULL),(8603,16,9,2,2,1,NULL),(8604,16,10,2,2,2,1),(8605,16,10,2,2,3,NULL),(8606,16,9,2,2,4,NULL),(8607,16,10,2,2,5,NULL),(8608,16,8,2,2,6,NULL),(8609,16,9,2,3,1,NULL),(8610,16,10,2,3,2,1),(8611,16,10,2,3,3,NULL),(8612,16,9,2,3,4,NULL),(8613,16,10,2,3,5,NULL),(8614,16,8,2,3,6,NULL),(8615,16,9,2,4,1,NULL),(8616,16,10,2,4,2,1),(8617,16,10,2,4,3,NULL),(8618,16,9,2,4,4,NULL),(8619,16,10,2,4,5,NULL),(8620,16,8,2,4,6,NULL),(8621,16,9,2,5,1,NULL),(8622,16,10,2,5,2,1),(8623,16,10,2,5,3,NULL),(8624,16,9,2,5,4,NULL),(8625,16,10,2,5,5,NULL),(8626,16,8,2,5,6,NULL),(8627,16,9,2,6,1,NULL),(8628,16,10,2,6,2,1),(8629,16,10,2,6,3,NULL),(8630,16,9,2,6,4,NULL),(8631,16,10,2,6,5,NULL),(8632,16,8,2,6,6,NULL),(8633,18,6,2,1,2,0),(8634,18,10,2,1,1,0),(8635,18,2,2,1,4,0),(8636,18,7,2,1,4,0),(8637,18,1,2,1,3,0),(8638,18,3,2,1,4,0),(8639,18,10,2,2,1,0),(8640,18,6,2,2,2,0),(8641,18,1,2,2,3,0),(8642,18,2,2,2,4,0),(8643,18,7,2,2,4,0),(8644,18,3,2,2,4,0),(8645,18,10,2,3,1,0),(8646,18,6,2,3,2,0),(8647,18,1,2,3,3,0),(8648,18,2,2,3,4,0),(8649,18,7,2,3,4,0),(8650,18,3,2,3,4,0),(8651,18,10,2,4,1,0),(8652,18,6,2,4,2,0),(8653,18,1,2,4,3,0),(8654,18,2,2,4,4,0),(8655,18,7,2,4,4,0),(8656,18,3,2,4,4,0),(8657,18,10,2,5,1,0),(8658,18,6,2,5,2,0),(8659,18,1,2,5,3,0),(8660,18,2,2,5,4,0),(8661,18,7,2,5,4,0),(8662,18,3,2,5,4,0),(8663,18,10,2,6,1,0),(8664,18,6,2,6,2,0),(8665,18,1,2,6,3,0),(8666,18,2,2,6,4,0),(8667,18,7,2,6,4,0),(8668,18,3,2,6,4,0),(8669,19,6,2,1,6,0),(8670,19,7,2,1,5,0),(8671,19,7,2,1,1,0),(8672,19,2,2,1,5,0),(8673,19,5,2,1,6,0),(8674,19,2,2,1,2,0),(8675,19,7,2,2,1,0),(8676,19,2,2,2,2,0),(8677,19,7,2,2,5,0),(8678,19,2,2,2,5,0),(8679,19,6,2,2,6,0),(8680,19,5,2,2,6,0),(8681,19,7,2,3,1,0),(8682,19,2,2,3,2,0),(8683,19,7,2,3,5,0),(8684,19,2,2,3,5,0),(8685,19,6,2,3,6,0),(8686,19,5,2,3,6,0),(8687,19,7,2,4,1,0),(8688,19,2,2,4,2,0),(8689,19,7,2,4,5,0),(8690,19,2,2,4,5,0),(8691,19,6,2,4,6,0),(8692,19,5,2,4,6,0),(8693,19,7,2,5,1,0),(8694,19,2,2,5,2,0),(8695,19,7,2,5,5,0),(8696,19,2,2,5,5,0),(8697,19,6,2,5,6,0),(8698,19,5,2,5,6,0),(8699,19,7,2,6,1,0),(8700,19,2,2,6,2,0),(8701,19,7,2,6,5,0),(8702,19,2,2,6,5,0),(8703,19,6,2,6,6,0),(8704,19,5,2,6,6,0),(8705,20,4,2,1,2,0),(8706,20,4,2,1,5,0),(8707,20,5,2,1,2,0),(8708,20,10,2,1,1,0),(8709,20,8,2,1,2,0),(8710,20,3,2,1,3,0),(8711,20,10,2,2,1,0),(8712,20,4,2,2,2,0),(8713,20,8,2,2,2,0),(8714,20,5,2,2,2,0),(8715,20,3,2,2,3,0),(8716,20,4,2,2,5,0),(8717,20,10,2,3,1,0),(8718,20,4,2,3,2,0),(8719,20,5,2,3,2,0),(8720,20,8,2,3,2,0),(8721,20,3,2,3,3,0),(8722,20,4,2,3,5,0),(8723,20,10,2,4,1,0),(8724,20,4,2,4,2,0),(8725,20,8,2,4,2,0),(8726,20,5,2,4,2,0),(8727,20,3,2,4,3,0),(8728,20,4,2,4,5,0),(8729,20,10,2,5,1,0),(8730,20,4,2,5,2,0),(8731,20,5,2,5,2,0),(8732,20,8,2,5,2,0),(8733,20,3,2,5,3,0),(8734,20,4,2,5,5,0),(8735,20,10,2,6,1,0),(8736,20,4,2,6,2,0),(8737,20,8,2,6,2,0),(8738,20,5,2,6,2,0),(8739,20,3,2,6,3,0),(8740,20,4,2,6,5,0),(8741,21,5,2,1,6,0),(8742,21,3,2,1,4,0),(8743,21,4,2,1,5,0),(8744,21,7,2,1,6,0),(8745,21,9,2,1,4,0),(8746,21,2,2,1,1,0),(8747,21,2,2,2,1,0),(8748,21,3,2,2,4,0),(8749,21,9,2,2,4,0),(8750,21,4,2,2,5,0),(8751,21,7,2,2,6,0),(8752,21,5,2,2,6,0),(8753,21,2,2,3,1,0),(8754,21,3,2,3,4,0),(8755,21,9,2,3,4,0),(8756,21,4,2,3,5,0),(8757,21,5,2,3,6,0),(8758,21,7,2,3,6,0),(8759,21,2,2,4,1,0),(8760,21,3,2,4,4,0),(8761,21,9,2,4,4,0),(8762,21,4,2,4,5,0),(8763,21,7,2,4,6,0),(8764,21,5,2,4,6,0),(8765,21,2,2,5,1,0),(8766,21,3,2,5,4,0),(8767,21,9,2,5,4,0),(8768,21,4,2,5,5,0),(8769,21,5,2,5,6,0),(8770,21,7,2,5,6,0),(8771,21,2,2,6,1,0),(8772,21,3,2,6,4,0),(8773,21,9,2,6,4,0),(8774,21,4,2,6,5,0),(8775,21,7,2,6,6,0),(8776,21,5,2,6,6,0),(8777,22,8,2,1,3,0),(8778,22,3,2,1,6,0),(8779,22,6,2,1,2,0),(8780,22,5,2,1,4,0),(8781,22,9,2,1,2,0),(8782,22,6,2,1,2,0),(8783,22,6,2,2,2,0),(8784,22,9,2,2,2,0),(8785,22,6,2,2,2,0),(8786,22,8,2,2,3,0),(8787,22,5,2,2,4,0),(8788,22,3,2,2,6,0),(8789,22,6,2,3,2,0),(8790,22,9,2,3,2,0),(8791,22,6,2,3,2,0),(8792,22,8,2,3,3,0),(8793,22,5,2,3,4,0),(8794,22,3,2,3,6,0),(8795,22,6,2,4,2,0),(8796,22,9,2,4,2,0),(8797,22,6,2,4,2,0),(8798,22,8,2,4,3,0),(8799,22,5,2,4,4,0),(8800,22,3,2,4,6,0),(8801,22,6,2,5,2,0),(8802,22,9,2,5,2,0),(8803,22,6,2,5,2,0),(8804,22,8,2,5,3,0),(8805,22,5,2,5,4,0),(8806,22,3,2,5,6,0),(8807,22,6,2,6,2,0),(8808,22,9,2,6,2,0),(8809,22,6,2,6,2,0),(8810,22,8,2,6,3,0),(8811,22,5,2,6,4,0),(8812,22,3,2,6,6,0),(8813,23,2,2,1,3,0),(8814,23,5,2,1,6,0),(8815,23,6,2,1,1,0),(8816,23,5,2,1,1,0),(8817,23,8,2,1,6,0),(8818,23,9,2,1,6,0),(8819,23,6,2,2,1,0),(8820,23,5,2,2,1,0),(8821,23,2,2,2,3,0),(8822,23,5,2,2,6,0),(8823,23,8,2,2,6,0),(8824,23,9,2,2,6,0),(8825,23,6,2,3,1,0),(8826,23,5,2,3,1,0),(8827,23,2,2,3,3,0),(8828,23,5,2,3,6,0),(8829,23,8,2,3,6,0),(8830,23,9,2,3,6,0),(8831,23,6,2,4,1,0),(8832,23,5,2,4,1,0),(8833,23,2,2,4,3,0),(8834,23,5,2,4,6,0),(8835,23,8,2,4,6,0),(8836,23,9,2,4,6,0),(8837,23,6,2,5,1,0),(8838,23,5,2,5,1,0),(8839,23,2,2,5,3,0),(8840,23,5,2,5,6,0),(8841,23,8,2,5,6,0),(8842,23,9,2,5,6,0),(8843,23,6,2,6,1,0),(8844,23,5,2,6,1,0),(8845,23,2,2,6,3,0),(8846,23,5,2,6,6,0),(8847,23,8,2,6,6,0),(8848,23,9,2,6,6,0),(8849,24,8,2,1,1,0),(8850,24,5,2,1,1,0),(8851,24,6,2,1,5,0),(8852,24,10,2,1,5,0),(8853,24,1,2,1,5,0),(8854,24,8,2,1,3,0),(8855,24,8,2,2,1,0),(8856,24,5,2,2,1,0),(8857,24,8,2,2,3,0),(8858,24,6,2,2,5,0),(8859,24,10,2,2,5,0),(8860,24,1,2,2,5,0),(8861,24,8,2,3,1,0),(8862,24,5,2,3,1,0),(8863,24,8,2,3,3,0),(8864,24,6,2,3,5,0),(8865,24,10,2,3,5,0),(8866,24,1,2,3,5,0),(8867,24,8,2,4,1,0),(8868,24,5,2,4,1,0),(8869,24,8,2,4,3,0),(8870,24,6,2,4,5,0),(8871,24,10,2,4,5,0),(8872,24,1,2,4,5,0),(8873,24,8,2,5,1,0),(8874,24,5,2,5,1,0),(8875,24,8,2,5,3,0),(8876,24,6,2,5,5,0),(8877,24,10,2,5,5,0),(8878,24,1,2,5,5,0),(8879,24,8,2,6,1,0),(8880,24,5,2,6,1,0),(8881,24,8,2,6,3,0),(8882,24,6,2,6,5,0),(8883,24,10,2,6,5,0),(8884,24,1,2,6,5,0),(8885,25,10,2,1,4,0),(8886,25,7,2,1,4,0),(8887,25,2,2,1,1,0),(8888,25,8,2,1,4,0),(8889,25,6,2,1,6,0),(8890,25,10,2,1,1,0),(8891,25,2,2,2,1,0),(8892,25,10,2,2,1,0),(8893,25,10,2,2,4,0),(8894,25,7,2,2,4,0),(8895,25,8,2,2,4,0),(8896,25,6,2,2,6,0),(8897,25,2,2,3,1,0),(8898,25,10,2,3,1,0),(8899,25,10,2,3,4,0),(8900,25,7,2,3,4,0),(8901,25,8,2,3,4,0),(8902,25,6,2,3,6,0),(8903,25,2,2,4,1,0),(8904,25,10,2,4,1,0),(8905,25,10,2,4,4,0),(8906,25,7,2,4,4,0),(8907,25,8,2,4,4,0),(8908,25,6,2,4,6,0),(8909,25,2,2,5,1,0),(8910,25,10,2,5,1,0),(8911,25,10,2,5,4,0),(8912,25,7,2,5,4,0),(8913,25,8,2,5,4,0),(8914,25,6,2,5,6,0),(8915,25,2,2,6,1,0),(8916,25,10,2,6,1,0),(8917,25,10,2,6,4,0),(8918,25,7,2,6,4,0),(8919,25,8,2,6,4,0),(8920,25,6,2,6,6,0),(8921,26,9,2,1,4,0),(8922,26,8,2,1,6,0),(8923,26,4,2,1,6,0),(8924,26,8,2,1,6,0),(8925,26,5,2,1,2,0),(8926,26,10,2,1,6,0),(8927,26,5,2,2,2,0),(8928,26,9,2,2,4,0),(8929,26,4,2,2,6,0),(8930,26,8,2,2,6,0),(8931,26,10,2,2,6,0),(8932,26,8,2,2,6,0),(8933,26,5,2,3,2,0),(8934,26,9,2,3,4,0),(8935,26,8,2,3,6,0),(8936,26,4,2,3,6,0),(8937,26,8,2,3,6,0),(8938,26,10,2,3,6,0),(8939,26,5,2,4,2,0),(8940,26,9,2,4,4,0),(8941,26,4,2,4,6,0),(8942,26,8,2,4,6,0),(8943,26,10,2,4,6,0),(8944,26,8,2,4,6,0),(8945,26,5,2,5,2,0),(8946,26,9,2,5,4,0),(8947,26,8,2,5,6,0),(8948,26,4,2,5,6,0),(8949,26,8,2,5,6,0),(8950,26,10,2,5,6,0),(8951,26,5,2,6,2,0),(8952,26,9,2,6,4,0),(8953,26,4,2,6,6,0),(8954,26,8,2,6,6,0),(8955,26,10,2,6,6,0),(8956,26,8,2,6,6,0),(8957,27,7,2,1,4,0),(8958,27,10,2,1,6,0),(8959,27,1,2,1,3,0),(8960,27,7,2,1,2,0),(8961,27,5,2,1,3,0),(8962,27,6,2,1,3,0),(8963,27,7,2,2,2,0),(8964,27,1,2,2,3,0),(8965,27,5,2,2,3,0),(8966,27,6,2,2,3,0),(8967,27,7,2,2,4,0),(8968,27,10,2,2,6,0),(8969,27,7,2,3,2,0),(8970,27,1,2,3,3,0),(8971,27,5,2,3,3,0),(8972,27,6,2,3,3,0),(8973,27,7,2,3,4,0),(8974,27,10,2,3,6,0),(8975,27,7,2,4,2,0),(8976,27,1,2,4,3,0),(8977,27,5,2,4,3,0),(8978,27,6,2,4,3,0),(8979,27,7,2,4,4,0),(8980,27,10,2,4,6,0),(8981,27,7,2,5,2,0),(8982,27,1,2,5,3,0),(8983,27,5,2,5,3,0),(8984,27,6,2,5,3,0),(8985,27,7,2,5,4,0),(8986,27,10,2,5,6,0),(8987,27,7,2,6,2,0),(8988,27,1,2,6,3,0),(8989,27,5,2,6,3,0),(8990,27,6,2,6,3,0),(8991,27,7,2,6,4,0),(8992,27,10,2,6,6,0),(8993,16,9,3,1,1,NULL),(8994,16,10,3,1,2,1),(8995,16,10,3,1,3,NULL),(8996,16,9,3,1,4,NULL),(8997,16,10,3,1,5,NULL),(8998,16,8,3,1,6,NULL),(8999,16,9,3,2,1,NULL),(9000,16,10,3,2,2,1),(9001,16,10,3,2,3,NULL),(9002,16,9,3,2,4,NULL),(9003,16,10,3,2,5,NULL),(9004,16,8,3,2,6,NULL),(9005,16,9,3,3,1,NULL),(9006,16,10,3,3,2,1),(9007,16,10,3,3,3,NULL),(9008,16,9,3,3,4,NULL),(9009,16,10,3,3,5,NULL),(9010,16,8,3,3,6,NULL),(9011,16,9,3,4,1,NULL),(9012,16,10,3,4,2,1),(9013,16,10,3,4,3,NULL),(9014,16,9,3,4,4,NULL),(9015,16,10,3,4,5,NULL),(9016,16,8,3,4,6,NULL),(9017,16,9,3,5,1,NULL),(9018,16,10,3,5,2,1),(9019,16,10,3,5,3,NULL),(9020,16,9,3,5,4,NULL),(9021,16,10,3,5,5,NULL),(9022,16,8,3,5,6,NULL),(9023,16,9,3,6,1,NULL),(9024,16,10,3,6,2,1),(9025,16,10,3,6,3,NULL),(9026,16,9,3,6,4,NULL),(9027,16,10,3,6,5,NULL),(9028,16,8,3,6,6,NULL),(9029,18,6,3,1,2,0),(9030,18,10,3,1,1,0),(9031,18,2,3,1,4,0),(9032,18,7,3,1,4,0),(9033,18,1,3,1,3,0),(9034,18,3,3,1,4,0),(9035,18,10,3,2,1,0),(9036,18,6,3,2,2,0),(9037,18,1,3,2,3,0),(9038,18,2,3,2,4,0),(9039,18,7,3,2,4,0),(9040,18,3,3,2,4,0),(9041,18,10,3,3,1,0),(9042,18,6,3,3,2,0),(9043,18,1,3,3,3,0),(9044,18,2,3,3,4,0),(9045,18,7,3,3,4,0),(9046,18,3,3,3,4,0),(9047,18,10,3,4,1,0),(9048,18,6,3,4,2,0),(9049,18,1,3,4,3,0),(9050,18,2,3,4,4,0),(9051,18,7,3,4,4,0),(9052,18,3,3,4,4,0),(9053,18,10,3,5,1,0),(9054,18,6,3,5,2,0),(9055,18,1,3,5,3,0),(9056,18,2,3,5,4,0),(9057,18,7,3,5,4,0),(9058,18,3,3,5,4,0),(9059,18,10,3,6,1,0),(9060,18,6,3,6,2,0),(9061,18,1,3,6,3,0),(9062,18,2,3,6,4,0),(9063,18,7,3,6,4,0),(9064,18,3,3,6,4,0),(9065,19,6,3,1,6,0),(9066,19,7,3,1,5,0),(9067,19,7,3,1,1,0),(9068,19,2,3,1,5,0),(9069,19,5,3,1,6,0),(9070,19,2,3,1,2,0),(9071,19,7,3,2,1,0),(9072,19,2,3,2,2,0),(9073,19,7,3,2,5,0),(9074,19,2,3,2,5,0),(9075,19,6,3,2,6,0),(9076,19,5,3,2,6,0),(9077,19,7,3,3,1,0),(9078,19,2,3,3,2,0),(9079,19,7,3,3,5,0),(9080,19,2,3,3,5,0),(9081,19,6,3,3,6,0),(9082,19,5,3,3,6,0),(9083,19,7,3,4,1,0),(9084,19,2,3,4,2,0),(9085,19,7,3,4,5,0),(9086,19,2,3,4,5,0),(9087,19,6,3,4,6,0),(9088,19,5,3,4,6,0),(9089,19,7,3,5,1,0),(9090,19,2,3,5,2,0),(9091,19,7,3,5,5,0),(9092,19,2,3,5,5,0),(9093,19,6,3,5,6,0),(9094,19,5,3,5,6,0),(9095,19,7,3,6,1,0),(9096,19,2,3,6,2,0),(9097,19,7,3,6,5,0),(9098,19,2,3,6,5,0),(9099,19,6,3,6,6,0),(9100,19,5,3,6,6,0),(9101,20,4,3,1,2,0),(9102,20,4,3,1,5,0),(9103,20,5,3,1,2,0),(9104,20,10,3,1,1,0),(9105,20,8,3,1,2,0),(9106,20,3,3,1,3,0),(9107,20,10,3,2,1,0),(9108,20,4,3,2,2,0),(9109,20,8,3,2,2,0),(9110,20,5,3,2,2,0),(9111,20,3,3,2,3,0),(9112,20,4,3,2,5,0),(9113,20,10,3,3,1,0),(9114,20,4,3,3,2,0),(9115,20,5,3,3,2,0),(9116,20,8,3,3,2,0),(9117,20,3,3,3,3,0),(9118,20,4,3,3,5,0),(9119,20,10,3,4,1,0),(9120,20,4,3,4,2,0),(9121,20,8,3,4,2,0),(9122,20,5,3,4,2,0),(9123,20,3,3,4,3,0),(9124,20,4,3,4,5,0),(9125,20,10,3,5,1,0),(9126,20,4,3,5,2,0),(9127,20,5,3,5,2,0),(9128,20,8,3,5,2,0),(9129,20,3,3,5,3,0),(9130,20,4,3,5,5,0),(9131,20,10,3,6,1,0),(9132,20,4,3,6,2,0),(9133,20,8,3,6,2,0),(9134,20,5,3,6,2,0),(9135,20,3,3,6,3,0),(9136,20,4,3,6,5,0),(9137,21,5,3,1,6,0),(9138,21,3,3,1,4,0),(9139,21,4,3,1,5,0),(9140,21,7,3,1,6,0),(9141,21,9,3,1,4,0),(9142,21,2,3,1,1,0),(9143,21,2,3,2,1,0),(9144,21,3,3,2,4,0),(9145,21,9,3,2,4,0),(9146,21,4,3,2,5,0),(9147,21,7,3,2,6,0),(9148,21,5,3,2,6,0),(9149,21,2,3,3,1,0),(9150,21,3,3,3,4,0),(9151,21,9,3,3,4,0),(9152,21,4,3,3,5,0),(9153,21,5,3,3,6,0),(9154,21,7,3,3,6,0),(9155,21,2,3,4,1,0),(9156,21,3,3,4,4,0),(9157,21,9,3,4,4,0),(9158,21,4,3,4,5,0),(9159,21,7,3,4,6,0),(9160,21,5,3,4,6,0),(9161,21,2,3,5,1,0),(9162,21,3,3,5,4,0),(9163,21,9,3,5,4,0),(9164,21,4,3,5,5,0),(9165,21,5,3,5,6,0),(9166,21,7,3,5,6,0),(9167,21,2,3,6,1,0),(9168,21,3,3,6,4,0),(9169,21,9,3,6,4,0),(9170,21,4,3,6,5,0),(9171,21,7,3,6,6,0),(9172,21,5,3,6,6,0),(9173,22,8,3,1,3,0),(9174,22,3,3,1,6,0),(9175,22,6,3,1,2,0),(9176,22,5,3,1,4,0),(9177,22,9,3,1,2,0),(9178,22,6,3,1,2,0),(9179,22,6,3,2,2,0),(9180,22,9,3,2,2,0),(9181,22,6,3,2,2,0),(9182,22,8,3,2,3,0),(9183,22,5,3,2,4,0),(9184,22,3,3,2,6,0),(9185,22,6,3,3,2,0),(9186,22,9,3,3,2,0),(9187,22,6,3,3,2,0),(9188,22,8,3,3,3,0),(9189,22,5,3,3,4,0),(9190,22,3,3,3,6,0),(9191,22,6,3,4,2,0),(9192,22,9,3,4,2,0),(9193,22,6,3,4,2,0),(9194,22,8,3,4,3,0),(9195,22,5,3,4,4,0),(9196,22,3,3,4,6,0),(9197,22,6,3,5,2,0),(9198,22,9,3,5,2,0),(9199,22,6,3,5,2,0),(9200,22,8,3,5,3,0),(9201,22,5,3,5,4,0),(9202,22,3,3,5,6,0),(9203,22,6,3,6,2,0),(9204,22,9,3,6,2,0),(9205,22,6,3,6,2,0),(9206,22,8,3,6,3,0),(9207,22,5,3,6,4,0),(9208,22,3,3,6,6,0),(9209,23,2,3,1,3,0),(9210,23,5,3,1,6,0),(9211,23,6,3,1,1,0),(9212,23,5,3,1,1,0),(9213,23,8,3,1,6,0),(9214,23,9,3,1,6,0),(9215,23,6,3,2,1,0),(9216,23,5,3,2,1,0),(9217,23,2,3,2,3,0),(9218,23,5,3,2,6,0),(9219,23,8,3,2,6,0),(9220,23,9,3,2,6,0),(9221,23,6,3,3,1,0),(9222,23,5,3,3,1,0),(9223,23,2,3,3,3,0),(9224,23,5,3,3,6,0),(9225,23,8,3,3,6,0),(9226,23,9,3,3,6,0),(9227,23,6,3,4,1,0),(9228,23,5,3,4,1,0),(9229,23,2,3,4,3,0),(9230,23,5,3,4,6,0),(9231,23,8,3,4,6,0),(9232,23,9,3,4,6,0),(9233,23,6,3,5,1,0),(9234,23,5,3,5,1,0),(9235,23,2,3,5,3,0),(9236,23,5,3,5,6,0),(9237,23,8,3,5,6,0),(9238,23,9,3,5,6,0),(9239,23,6,3,6,1,0),(9240,23,5,3,6,1,0),(9241,23,2,3,6,3,0),(9242,23,5,3,6,6,0),(9243,23,8,3,6,6,0),(9244,23,9,3,6,6,0),(9245,24,8,3,1,1,0),(9246,24,5,3,1,1,0),(9247,24,6,3,1,5,0),(9248,24,10,3,1,5,0),(9249,24,1,3,1,5,0),(9250,24,8,3,1,3,0),(9251,24,8,3,2,1,0),(9252,24,5,3,2,1,0),(9253,24,8,3,2,3,0),(9254,24,6,3,2,5,0),(9255,24,10,3,2,5,0),(9256,24,1,3,2,5,0),(9257,24,8,3,3,1,0),(9258,24,5,3,3,1,0),(9259,24,8,3,3,3,0),(9260,24,6,3,3,5,0),(9261,24,10,3,3,5,0),(9262,24,1,3,3,5,0),(9263,24,8,3,4,1,0),(9264,24,5,3,4,1,0),(9265,24,8,3,4,3,0),(9266,24,6,3,4,5,0),(9267,24,10,3,4,5,0),(9268,24,1,3,4,5,0),(9269,24,8,3,5,1,0),(9270,24,5,3,5,1,0),(9271,24,8,3,5,3,0),(9272,24,6,3,5,5,0),(9273,24,10,3,5,5,0),(9274,24,1,3,5,5,0),(9275,24,8,3,6,1,0),(9276,24,5,3,6,1,0),(9277,24,8,3,6,3,0),(9278,24,6,3,6,5,0),(9279,24,10,3,6,5,0),(9280,24,1,3,6,5,0),(9281,25,10,3,1,4,0),(9282,25,7,3,1,4,0),(9283,25,2,3,1,1,0),(9284,25,8,3,1,4,0),(9285,25,6,3,1,6,0),(9286,25,10,3,1,1,0),(9287,25,2,3,2,1,0),(9288,25,10,3,2,1,0),(9289,25,10,3,2,4,0),(9290,25,7,3,2,4,0),(9291,25,8,3,2,4,0),(9292,25,6,3,2,6,0),(9293,25,2,3,3,1,0),(9294,25,10,3,3,1,0),(9295,25,10,3,3,4,0),(9296,25,7,3,3,4,0),(9297,25,8,3,3,4,0),(9298,25,6,3,3,6,0),(9299,25,2,3,4,1,0),(9300,25,10,3,4,1,0),(9301,25,10,3,4,4,0),(9302,25,7,3,4,4,0),(9303,25,8,3,4,4,0),(9304,25,6,3,4,6,0),(9305,25,2,3,5,1,0),(9306,25,10,3,5,1,0),(9307,25,10,3,5,4,0),(9308,25,7,3,5,4,0),(9309,25,8,3,5,4,0),(9310,25,6,3,5,6,0),(9311,25,2,3,6,1,0),(9312,25,10,3,6,1,0),(9313,25,10,3,6,4,0),(9314,25,7,3,6,4,0),(9315,25,8,3,6,4,0),(9316,25,6,3,6,6,0),(9317,26,9,3,1,4,0),(9318,26,8,3,1,6,0),(9319,26,4,3,1,6,0),(9320,26,8,3,1,6,0),(9321,26,5,3,1,2,0),(9322,26,10,3,1,6,0),(9323,26,5,3,2,2,0),(9324,26,9,3,2,4,0),(9325,26,4,3,2,6,0),(9326,26,8,3,2,6,0),(9327,26,10,3,2,6,0),(9328,26,8,3,2,6,0),(9329,26,5,3,3,2,0),(9330,26,9,3,3,4,0),(9331,26,8,3,3,6,0),(9332,26,4,3,3,6,0),(9333,26,8,3,3,6,0),(9334,26,10,3,3,6,0),(9335,26,5,3,4,2,0),(9336,26,9,3,4,4,0),(9337,26,4,3,4,6,0),(9338,26,8,3,4,6,0),(9339,26,10,3,4,6,0),(9340,26,8,3,4,6,0),(9341,26,5,3,5,2,0),(9342,26,9,3,5,4,0),(9343,26,8,3,5,6,0),(9344,26,4,3,5,6,0),(9345,26,8,3,5,6,0),(9346,26,10,3,5,6,0),(9347,26,5,3,6,2,0),(9348,26,9,3,6,4,0),(9349,26,4,3,6,6,0),(9350,26,8,3,6,6,0),(9351,26,10,3,6,6,0),(9352,26,8,3,6,6,0),(9353,27,7,3,1,4,0),(9354,27,10,3,1,6,0),(9355,27,1,3,1,3,0),(9356,27,7,3,1,2,0),(9357,27,5,3,1,3,0),(9358,27,6,3,1,3,0),(9359,27,7,3,2,2,0),(9360,27,1,3,2,3,0),(9361,27,5,3,2,3,0),(9362,27,6,3,2,3,0),(9363,27,7,3,2,4,0),(9364,27,10,3,2,6,0),(9365,27,7,3,3,2,0),(9366,27,1,3,3,3,0),(9367,27,5,3,3,3,0),(9368,27,6,3,3,3,0),(9369,27,7,3,3,4,0),(9370,27,10,3,3,6,0),(9371,27,7,3,4,2,0),(9372,27,1,3,4,3,0),(9373,27,5,3,4,3,0),(9374,27,6,3,4,3,0),(9375,27,7,3,4,4,0),(9376,27,10,3,4,6,0),(9377,27,7,3,5,2,0),(9378,27,1,3,5,3,0),(9379,27,5,3,5,3,0),(9380,27,6,3,5,3,0),(9381,27,7,3,5,4,0),(9382,27,10,3,5,6,0),(9383,27,7,3,6,2,0),(9384,27,1,3,6,3,0),(9385,27,5,3,6,3,0),(9386,27,6,3,6,3,0),(9387,27,7,3,6,4,0),(9388,27,10,3,6,6,0),(9389,16,9,4,1,1,NULL),(9390,16,10,4,1,2,1),(9391,16,10,4,1,3,NULL),(9392,16,9,4,1,4,NULL),(9393,16,10,4,1,5,NULL),(9394,16,8,4,1,6,NULL),(9395,16,9,4,2,1,NULL),(9396,16,10,4,2,2,1),(9397,16,10,4,2,3,NULL),(9398,16,9,4,2,4,NULL),(9399,16,10,4,2,5,NULL),(9400,16,8,4,2,6,NULL),(9401,16,9,4,3,1,NULL),(9402,16,10,4,3,2,1),(9403,16,10,4,3,3,NULL),(9404,16,9,4,3,4,NULL),(9405,16,10,4,3,5,NULL),(9406,16,8,4,3,6,NULL),(9407,16,9,4,4,1,NULL),(9408,16,10,4,4,2,1),(9409,16,10,4,4,3,NULL),(9410,16,9,4,4,4,NULL),(9411,16,10,4,4,5,NULL),(9412,16,8,4,4,6,NULL),(9413,16,9,4,5,1,NULL),(9414,16,10,4,5,2,1),(9415,16,10,4,5,3,NULL),(9416,16,9,4,5,4,NULL),(9417,16,10,4,5,5,NULL),(9418,16,8,4,5,6,NULL),(9419,16,9,4,6,1,NULL),(9420,16,10,4,6,2,1),(9421,16,10,4,6,3,NULL),(9422,16,9,4,6,4,NULL),(9423,16,10,4,6,5,NULL),(9424,16,8,4,6,6,NULL),(9425,18,6,4,1,2,0),(9426,18,10,4,1,1,0),(9427,18,2,4,1,4,0),(9428,18,7,4,1,4,0),(9429,18,1,4,1,3,0),(9430,18,3,4,1,4,0),(9431,18,10,4,2,1,0),(9432,18,6,4,2,2,0),(9433,18,1,4,2,3,0),(9434,18,2,4,2,4,0),(9435,18,7,4,2,4,0),(9436,18,3,4,2,4,0),(9437,18,10,4,3,1,0),(9438,18,6,4,3,2,0),(9439,18,1,4,3,3,0),(9440,18,2,4,3,4,0),(9441,18,7,4,3,4,0),(9442,18,3,4,3,4,0),(9443,18,10,4,4,1,0),(9444,18,6,4,4,2,0),(9445,18,1,4,4,3,0),(9446,18,2,4,4,4,0),(9447,18,7,4,4,4,0),(9448,18,3,4,4,4,0),(9449,18,10,4,5,1,0),(9450,18,6,4,5,2,0),(9451,18,1,4,5,3,0),(9452,18,2,4,5,4,0),(9453,18,7,4,5,4,0),(9454,18,3,4,5,4,0),(9455,18,10,4,6,1,0),(9456,18,6,4,6,2,0),(9457,18,1,4,6,3,0),(9458,18,2,4,6,4,0),(9459,18,7,4,6,4,0),(9460,18,3,4,6,4,0),(9461,19,6,4,1,6,0),(9462,19,7,4,1,5,0),(9463,19,7,4,1,1,0),(9464,19,2,4,1,5,0),(9465,19,5,4,1,6,0),(9466,19,2,4,1,2,0),(9467,19,7,4,2,1,0),(9468,19,2,4,2,2,0),(9469,19,7,4,2,5,0),(9470,19,2,4,2,5,0),(9471,19,6,4,2,6,0),(9472,19,5,4,2,6,0),(9473,19,7,4,3,1,0),(9474,19,2,4,3,2,0),(9475,19,7,4,3,5,0),(9476,19,2,4,3,5,0),(9477,19,6,4,3,6,0),(9478,19,5,4,3,6,0),(9479,19,7,4,4,1,0),(9480,19,2,4,4,2,0),(9481,19,7,4,4,5,0),(9482,19,2,4,4,5,0),(9483,19,6,4,4,6,0),(9484,19,5,4,4,6,0),(9485,19,7,4,5,1,0),(9486,19,2,4,5,2,0),(9487,19,7,4,5,5,0),(9488,19,2,4,5,5,0),(9489,19,6,4,5,6,0),(9490,19,5,4,5,6,0),(9491,19,7,4,6,1,0),(9492,19,2,4,6,2,0),(9493,19,7,4,6,5,0),(9494,19,2,4,6,5,0),(9495,19,6,4,6,6,0),(9496,19,5,4,6,6,0),(9497,20,4,4,1,2,0),(9498,20,4,4,1,5,0),(9499,20,5,4,1,2,0),(9500,20,10,4,1,1,0),(9501,20,8,4,1,2,0),(9502,20,3,4,1,3,0),(9503,20,10,4,2,1,0),(9504,20,4,4,2,2,0),(9505,20,8,4,2,2,0),(9506,20,5,4,2,2,0),(9507,20,3,4,2,3,0),(9508,20,4,4,2,5,0),(9509,20,10,4,3,1,0),(9510,20,4,4,3,2,0),(9511,20,5,4,3,2,0),(9512,20,8,4,3,2,0),(9513,20,3,4,3,3,0),(9514,20,4,4,3,5,0),(9515,20,10,4,4,1,0),(9516,20,4,4,4,2,0),(9517,20,8,4,4,2,0),(9518,20,5,4,4,2,0),(9519,20,3,4,4,3,0),(9520,20,4,4,4,5,0),(9521,20,10,4,5,1,0),(9522,20,4,4,5,2,0),(9523,20,5,4,5,2,0),(9524,20,8,4,5,2,0),(9525,20,3,4,5,3,0),(9526,20,4,4,5,5,0),(9527,20,10,4,6,1,0),(9528,20,4,4,6,2,0),(9529,20,8,4,6,2,0),(9530,20,5,4,6,2,0),(9531,20,3,4,6,3,0),(9532,20,4,4,6,5,0),(9533,21,5,4,1,6,0),(9534,21,3,4,1,4,0),(9535,21,4,4,1,5,0),(9536,21,7,4,1,6,0),(9537,21,9,4,1,4,0),(9538,21,2,4,1,1,0),(9539,21,2,4,2,1,0),(9540,21,3,4,2,4,0),(9541,21,9,4,2,4,0),(9542,21,4,4,2,5,0),(9543,21,7,4,2,6,0),(9544,21,5,4,2,6,0),(9545,21,2,4,3,1,0),(9546,21,3,4,3,4,0),(9547,21,9,4,3,4,0),(9548,21,4,4,3,5,0),(9549,21,5,4,3,6,0),(9550,21,7,4,3,6,0),(9551,21,2,4,4,1,0),(9552,21,3,4,4,4,0),(9553,21,9,4,4,4,0),(9554,21,4,4,4,5,0),(9555,21,7,4,4,6,0),(9556,21,5,4,4,6,0),(9557,21,2,4,5,1,0),(9558,21,3,4,5,4,0),(9559,21,9,4,5,4,0),(9560,21,4,4,5,5,0),(9561,21,5,4,5,6,0),(9562,21,7,4,5,6,0),(9563,21,2,4,6,1,0),(9564,21,3,4,6,4,0),(9565,21,9,4,6,4,0),(9566,21,4,4,6,5,0),(9567,21,7,4,6,6,0),(9568,21,5,4,6,6,0),(9569,22,8,4,1,3,0),(9570,22,3,4,1,6,0),(9571,22,6,4,1,2,0),(9572,22,5,4,1,4,0),(9573,22,9,4,1,2,0),(9574,22,6,4,1,2,0),(9575,22,6,4,2,2,0),(9576,22,9,4,2,2,0),(9577,22,6,4,2,2,0),(9578,22,8,4,2,3,0),(9579,22,5,4,2,4,0),(9580,22,3,4,2,6,0),(9581,22,6,4,3,2,0),(9582,22,9,4,3,2,0),(9583,22,6,4,3,2,0),(9584,22,8,4,3,3,0),(9585,22,5,4,3,4,0),(9586,22,3,4,3,6,0),(9587,22,6,4,4,2,0),(9588,22,9,4,4,2,0),(9589,22,6,4,4,2,0),(9590,22,8,4,4,3,0),(9591,22,5,4,4,4,0),(9592,22,3,4,4,6,0),(9593,22,6,4,5,2,0),(9594,22,9,4,5,2,0),(9595,22,6,4,5,2,0),(9596,22,8,4,5,3,0),(9597,22,5,4,5,4,0),(9598,22,3,4,5,6,0),(9599,22,6,4,6,2,0),(9600,22,9,4,6,2,0),(9601,22,6,4,6,2,0),(9602,22,8,4,6,3,0),(9603,22,5,4,6,4,0),(9604,22,3,4,6,6,0),(9605,23,2,4,1,3,0),(9606,23,5,4,1,6,0),(9607,23,6,4,1,1,0),(9608,23,5,4,1,1,0),(9609,23,8,4,1,6,0),(9610,23,9,4,1,6,0),(9611,23,6,4,2,1,0),(9612,23,5,4,2,1,0),(9613,23,2,4,2,3,0),(9614,23,5,4,2,6,0),(9615,23,8,4,2,6,0),(9616,23,9,4,2,6,0),(9617,23,6,4,3,1,0),(9618,23,5,4,3,1,0),(9619,23,2,4,3,3,0),(9620,23,5,4,3,6,0),(9621,23,8,4,3,6,0),(9622,23,9,4,3,6,0),(9623,23,6,4,4,1,0),(9624,23,5,4,4,1,0),(9625,23,2,4,4,3,0),(9626,23,5,4,4,6,0),(9627,23,8,4,4,6,0),(9628,23,9,4,4,6,0),(9629,23,6,4,5,1,0),(9630,23,5,4,5,1,0),(9631,23,2,4,5,3,0),(9632,23,5,4,5,6,0),(9633,23,8,4,5,6,0),(9634,23,9,4,5,6,0),(9635,23,6,4,6,1,0),(9636,23,5,4,6,1,0),(9637,23,2,4,6,3,0),(9638,23,5,4,6,6,0),(9639,23,8,4,6,6,0),(9640,23,9,4,6,6,0),(9641,24,8,4,1,1,0),(9642,24,5,4,1,1,0),(9643,24,6,4,1,5,0),(9644,24,10,4,1,5,0),(9645,24,1,4,1,5,0),(9646,24,8,4,1,3,0),(9647,24,8,4,2,1,0),(9648,24,5,4,2,1,0),(9649,24,8,4,2,3,0),(9650,24,6,4,2,5,0),(9651,24,10,4,2,5,0),(9652,24,1,4,2,5,0),(9653,24,8,4,3,1,0),(9654,24,5,4,3,1,0),(9655,24,8,4,3,3,0),(9656,24,6,4,3,5,0),(9657,24,10,4,3,5,0),(9658,24,1,4,3,5,0),(9659,24,8,4,4,1,0),(9660,24,5,4,4,1,0),(9661,24,8,4,4,3,0),(9662,24,6,4,4,5,0),(9663,24,10,4,4,5,0),(9664,24,1,4,4,5,0),(9665,24,8,4,5,1,0),(9666,24,5,4,5,1,0),(9667,24,8,4,5,3,0),(9668,24,6,4,5,5,0),(9669,24,10,4,5,5,0),(9670,24,1,4,5,5,0),(9671,24,8,4,6,1,0),(9672,24,5,4,6,1,0),(9673,24,8,4,6,3,0),(9674,24,6,4,6,5,0),(9675,24,10,4,6,5,0),(9676,24,1,4,6,5,0),(9677,25,10,4,1,4,0),(9678,25,7,4,1,4,0),(9679,25,2,4,1,1,0),(9680,25,8,4,1,4,0),(9681,25,6,4,1,6,0),(9682,25,10,4,1,1,0),(9683,25,2,4,2,1,0),(9684,25,10,4,2,1,0),(9685,25,10,4,2,4,0),(9686,25,7,4,2,4,0),(9687,25,8,4,2,4,0),(9688,25,6,4,2,6,0),(9689,25,2,4,3,1,0),(9690,25,10,4,3,1,0),(9691,25,10,4,3,4,0),(9692,25,7,4,3,4,0),(9693,25,8,4,3,4,0),(9694,25,6,4,3,6,0),(9695,25,2,4,4,1,0),(9696,25,10,4,4,1,0),(9697,25,10,4,4,4,0),(9698,25,7,4,4,4,0),(9699,25,8,4,4,4,0),(9700,25,6,4,4,6,0),(9701,25,2,4,5,1,0),(9702,25,10,4,5,1,0),(9703,25,10,4,5,4,0),(9704,25,7,4,5,4,0),(9705,25,8,4,5,4,0),(9706,25,6,4,5,6,0),(9707,25,2,4,6,1,0),(9708,25,10,4,6,1,0),(9709,25,10,4,6,4,0),(9710,25,7,4,6,4,0),(9711,25,8,4,6,4,0),(9712,25,6,4,6,6,0),(9713,26,9,4,1,4,0),(9714,26,8,4,1,6,0),(9715,26,4,4,1,6,0),(9716,26,8,4,1,6,0),(9717,26,5,4,1,2,0),(9718,26,10,4,1,6,0),(9719,26,5,4,2,2,0),(9720,26,9,4,2,4,0),(9721,26,4,4,2,6,0),(9722,26,8,4,2,6,0),(9723,26,10,4,2,6,0),(9724,26,8,4,2,6,0),(9725,26,5,4,3,2,0),(9726,26,9,4,3,4,0),(9727,26,8,4,3,6,0),(9728,26,4,4,3,6,0),(9729,26,8,4,3,6,0),(9730,26,10,4,3,6,0),(9731,26,5,4,4,2,0),(9732,26,9,4,4,4,0),(9733,26,4,4,4,6,0),(9734,26,8,4,4,6,0),(9735,26,10,4,4,6,0),(9736,26,8,4,4,6,0),(9737,26,5,4,5,2,0),(9738,26,9,4,5,4,0),(9739,26,8,4,5,6,0),(9740,26,4,4,5,6,0),(9741,26,8,4,5,6,0),(9742,26,10,4,5,6,0),(9743,26,5,4,6,2,0),(9744,26,9,4,6,4,0),(9745,26,4,4,6,6,0),(9746,26,8,4,6,6,0),(9747,26,10,4,6,6,0),(9748,26,8,4,6,6,0),(9749,27,7,4,1,4,0),(9750,27,10,4,1,6,0),(9751,27,1,4,1,3,0),(9752,27,7,4,1,2,0),(9753,27,5,4,1,3,0),(9754,27,6,4,1,3,0),(9755,27,7,4,2,2,0),(9756,27,1,4,2,3,0),(9757,27,5,4,2,3,0),(9758,27,6,4,2,3,0),(9759,27,7,4,2,4,0),(9760,27,10,4,2,6,0),(9761,27,7,4,3,2,0),(9762,27,1,4,3,3,0),(9763,27,5,4,3,3,0),(9764,27,6,4,3,3,0),(9765,27,7,4,3,4,0),(9766,27,10,4,3,6,0),(9767,27,7,4,4,2,0),(9768,27,1,4,4,3,0),(9769,27,5,4,4,3,0),(9770,27,6,4,4,3,0),(9771,27,7,4,4,4,0),(9772,27,10,4,4,6,0),(9773,27,7,4,5,2,0),(9774,27,1,4,5,3,0),(9775,27,5,4,5,3,0),(9776,27,6,4,5,3,0),(9777,27,7,4,5,4,0),(9778,27,10,4,5,6,0),(9779,27,7,4,6,2,0),(9780,27,1,4,6,3,0),(9781,27,5,4,6,3,0),(9782,27,6,4,6,3,0),(9783,27,7,4,6,4,0),(9784,27,10,4,6,6,0);
/*!40000 ALTER TABLE `sport_score` ENABLE KEYS */;
UNLOCK TABLES;

--
-- Table structure for table `sport_score_overview`
--

DROP TABLE IF EXISTS `sport_score_overview`;
/*!40101 SET @saved_cs_client     = @@character_set_client */;
/*!40101 SET character_set_client = utf8 */;
CREATE TABLE `sport_score_overview` (
  `participant_id` int(11) NOT NULL COMMENT '参赛者id',
  `name` varchar(32) COLLATE utf8mb4_bin DEFAULT NULL COMMENT '姓名（冗余字段，方便查询）',
  `location` varchar(255) COLLATE utf8mb4_bin DEFAULT NULL COMMENT '地区（冗余字段，方便查询）',
  `round` int(11) NOT NULL COMMENT '轮次',
  `group` int(11) NOT NULL COMMENT '组次',
  `rank` int(11) DEFAULT NULL COMMENT '排名',
  `total` int(11) DEFAULT NULL COMMENT '总分',
  `x_count` int(11) DEFAULT NULL COMMENT 'x环次数',
  `ten_count` int(11) DEFAULT NULL COMMENT '10环次数',
  PRIMARY KEY (`participant_id`,`round`,`group`)
) ENGINE=InnoDB DEFAULT CHARSET=utf8mb4 COLLATE=utf8mb4_bin COMMENT='成绩总览';
/*!40101 SET character_set_client = @saved_cs_client */;

--
-- Dumping data for table `sport_score_overview`
--

LOCK TABLES `sport_score_overview` WRITE;
/*!40000 ALTER TABLE `sport_score_overview` DISABLE KEYS */;
INSERT INTO `sport_score_overview` VALUES (16,'zhangsan','北京',0,0,1,1344,24,72),(16,'zhangsan','北京',1,0,1,336,6,18),(16,'zhangsan','北京',1,1,1,56,1,3),(16,'zhangsan','北京',1,2,1,56,1,3),(16,'zhangsan','北京',1,3,1,56,1,3),(16,'zhangsan','北京',1,4,1,56,1,3),(16,'zhangsan','北京',1,5,1,56,1,3),(16,'zhangsan','北京',1,6,1,56,1,3),(16,'zhangsan','北京',2,0,1,336,6,18),(16,'zhangsan','北京',2,1,1,56,1,3),(16,'zhangsan','北京',2,2,1,56,1,3),(16,'zhangsan','北京',2,3,1,56,1,3),(16,'zhangsan','北京',2,4,1,56,1,3),(16,'zhangsan','北京',2,5,1,56,1,3),(16,'zhangsan','北京',2,6,1,56,1,3),(16,'zhangsan','北京',3,0,1,336,6,18),(16,'zhangsan','北京',3,1,1,56,1,3),(16,'zhangsan','北京',3,2,1,56,1,3),(16,'zhangsan','北京',3,3,1,56,1,3),(16,'zhangsan','北京',3,4,1,56,1,3),(16,'zhangsan','北京',3,5,1,56,1,3),(16,'zhangsan','北京',3,6,1,56,1,3),(16,'zhangsan','北京',4,0,1,336,6,18),(16,'zhangsan','北京',4,1,1,56,1,3),(16,'zhangsan','北京',4,2,1,56,1,3),(16,'zhangsan','北京',4,3,1,56,1,3),(16,'zhangsan','北京',4,4,1,56,1,3),(16,'zhangsan','北京',4,5,1,56,1,3),(16,'zhangsan','北京',4,6,1,56,1,3),(18,'zhangsan','山西',0,0,10,696,0,24),(18,'zhangsan','山西',1,0,10,174,0,6),(18,'zhangsan','山西',1,1,10,29,0,1),(18,'zhangsan','山西',1,2,10,29,0,1),(18,'zhangsan','山西',1,3,10,29,0,1),(18,'zhangsan','山西',1,4,10,29,0,1),(18,'zhangsan','山西',1,5,10,29,0,1),(18,'zhangsan','山西',1,6,10,29,0,1),(18,'zhangsan','山西',2,0,10,174,0,6),(18,'zhangsan','山西',2,1,10,29,0,1),(18,'zhangsan','山西',2,2,10,29,0,1),(18,'zhangsan','山西',2,3,10,29,0,1),(18,'zhangsan','山西',2,4,10,29,0,1),(18,'zhangsan','山西',2,5,10,29,0,1),(18,'zhangsan','山西',2,6,10,29,0,1),(18,'zhangsan','山西',3,0,10,174,0,6),(18,'zhangsan','山西',3,1,10,29,0,1),(18,'zhangsan','山西',3,2,10,29,0,1),(18,'zhangsan','山西',3,3,10,29,0,1),(18,'zhangsan','山西',3,4,10,29,0,1),(18,'zhangsan','山西',3,5,10,29,0,1),(18,'zhangsan','山西',3,6,10,29,0,1),(18,'zhangsan','山西',4,0,10,174,0,6),(18,'zhangsan','山西',4,1,10,29,0,1),(18,'zhangsan','山西',4,2,10,29,0,1),(18,'zhangsan','山西',4,3,10,29,0,1),(18,'zhangsan','山西',4,4,10,29,0,1),(18,'zhangsan','山西',4,5,10,29,0,1),(18,'zhangsan','山西',4,6,10,29,0,1),(19,'zhangsan','山西',0,0,11,696,0,0),(19,'zhangsan','山西',1,0,11,174,0,0),(19,'zhangsan','山西',1,1,11,29,0,0),(19,'zhangsan','山西',1,2,11,29,0,0),(19,'zhangsan','山西',1,3,11,29,0,0),(19,'zhangsan','山西',1,4,11,29,0,0),(19,'zhangsan','山西',1,5,11,29,0,0),(19,'zhangsan','山西',1,6,11,29,0,0),(19,'zhangsan','山西',2,0,11,174,0,0),(19,'zhangsan','山西',2,1,11,29,0,0),(19,'zhangsan','山西',2,2,11,29,0,0),(19,'zhangsan','山西',2,3,11,29,0,0),(19,'zhangsan','山西',2,4,11,29,0,0),(19,'zhangsan','山西',2,5,11,29,0,0),(19,'zhangsan','山西',2,6,11,29,0,0),(19,'zhangsan','山西',3,0,11,174,0,0),(19,'zhangsan','山西',3,1,11,29,0,0),(19,'zhangsan','山西',3,2,11,29,0,0),(19,'zhangsan','山西',3,3,11,29,0,0),(19,'zhangsan','山西',3,4,11,29,0,0),(19,'zhangsan','山西',3,5,11,29,0,0),(19,'zhangsan','山西',3,6,11,29,0,0),(19,'zhangsan','山西',4,0,11,174,0,0),(19,'zhangsan','山西',4,1,11,29,0,0),(19,'zhangsan','山西',4,2,11,29,0,0),(19,'zhangsan','山西',4,3,11,29,0,0),(19,'zhangsan','山西',4,4,11,29,0,0),(19,'zhangsan','山西',4,5,11,29,0,0),(19,'zhangsan','山西',4,6,11,29,0,0),(20,'zhangsan','北京',0,0,8,816,0,24),(20,'zhangsan','北京',1,0,8,204,0,6),(20,'zhangsan','北京',1,1,8,34,0,1),(20,'zhangsan','北京',1,2,8,34,0,1),(20,'zhangsan','北京',1,3,8,34,0,1),(20,'zhangsan','北京',1,4,8,34,0,1),(20,'zhangsan','北京',1,5,8,34,0,1),(20,'zhangsan','北京',1,6,8,34,0,1),(20,'zhangsan','北京',2,0,8,204,0,6),(20,'zhangsan','北京',2,1,8,34,0,1),(20,'zhangsan','北京',2,2,8,34,0,1),(20,'zhangsan','北京',2,3,8,34,0,1),(20,'zhangsan','北京',2,4,8,34,0,1),(20,'zhangsan','北京',2,5,8,34,0,1),(20,'zhangsan','北京',2,6,8,34,0,1),(20,'zhangsan','北京',3,0,8,204,0,6),(20,'zhangsan','北京',3,1,8,34,0,1),(20,'zhangsan','北京',3,2,8,34,0,1),(20,'zhangsan','北京',3,3,8,34,0,1),(20,'zhangsan','北京',3,4,8,34,0,1),(20,'zhangsan','北京',3,5,8,34,0,1),(20,'zhangsan','北京',3,6,8,34,0,1),(20,'zhangsan','北京',4,0,8,204,0,6),(20,'zhangsan','北京',4,1,8,34,0,1),(20,'zhangsan','北京',4,2,8,34,0,1),(20,'zhangsan','北京',4,3,8,34,0,1),(20,'zhangsan','北京',4,4,8,34,0,1),(20,'zhangsan','北京',4,5,8,34,0,1),(20,'zhangsan','北京',4,6,8,34,0,1),(21,'zhangsan','上海',0,0,9,720,0,0),(21,'zhangsan','上海',1,0,9,180,0,0),(21,'zhangsan','上海',1,1,9,30,0,0),(21,'zhangsan','上海',1,2,9,30,0,0),(21,'zhangsan','上海',1,3,9,30,0,0),(21,'zhangsan','上海',1,4,9,30,0,0),(21,'zhangsan','上海',1,5,9,30,0,0),(21,'zhangsan','上海',1,6,9,30,0,0),(21,'zhangsan','上海',2,0,9,180,0,0),(21,'zhangsan','上海',2,1,9,30,0,0),(21,'zhangsan','上海',2,2,9,30,0,0),(21,'zhangsan','上海',2,3,9,30,0,0),(21,'zhangsan','上海',2,4,9,30,0,0),(21,'zhangsan','上海',2,5,9,30,0,0),(21,'zhangsan','上海',2,6,9,30,0,0),(21,'zhangsan','上海',3,0,9,180,0,0),(21,'zhangsan','上海',3,1,9,30,0,0),(21,'zhangsan','上海',3,2,9,30,0,0),(21,'zhangsan','上海',3,3,9,30,0,0),(21,'zhangsan','上海',3,4,9,30,0,0),(21,'zhangsan','上海',3,5,9,30,0,0),(21,'zhangsan','上海',3,6,9,30,0,0),(21,'zhangsan','上海',4,0,9,180,0,0),(21,'zhangsan','上海',4,1,9,30,0,0),(21,'zhangsan','上海',4,2,9,30,0,0),(21,'zhangsan','上海',4,3,9,30,0,0),(21,'zhangsan','上海',4,4,9,30,0,0),(21,'zhangsan','上海',4,5,9,30,0,0),(21,'zhangsan','上海',4,6,9,30,0,0),(22,'zhangsan','上海',0,0,5,888,0,0),(22,'zhangsan','上海',1,0,5,222,0,0),(22,'zhangsan','上海',1,1,5,37,0,0),(22,'zhangsan','上海',1,2,5,37,0,0),(22,'zhangsan','上海',1,3,5,37,0,0),(22,'zhangsan','上海',1,4,5,37,0,0),(22,'zhangsan','上海',1,5,5,37,0,0),(22,'zhangsan','上海',1,6,5,37,0,0),(22,'zhangsan','上海',2,0,5,222,0,0),(22,'zhangsan','上海',2,1,5,37,0,0),(22,'zhangsan','上海',2,2,5,37,0,0),(22,'zhangsan','上海',2,3,5,37,0,0),(22,'zhangsan','上海',2,4,5,37,0,0),(22,'zhangsan','上海',2,5,5,37,0,0),(22,'zhangsan','上海',2,6,5,37,0,0),(22,'zhangsan','上海',3,0,5,222,0,0),(22,'zhangsan','上海',3,1,5,37,0,0),(22,'zhangsan','上海',3,2,5,37,0,0),(22,'zhangsan','上海',3,3,5,37,0,0),(22,'zhangsan','上海',3,4,5,37,0,0),(22,'zhangsan','上海',3,5,5,37,0,0),(22,'zhangsan','上海',3,6,5,37,0,0),(22,'zhangsan','上海',4,0,5,222,0,0),(22,'zhangsan','上海',4,1,5,37,0,0),(22,'zhangsan','上海',4,2,5,37,0,0),(22,'zhangsan','上海',4,3,5,37,0,0),(22,'zhangsan','上海',4,4,5,37,0,0),(22,'zhangsan','上海',4,5,5,37,0,0),(22,'zhangsan','上海',4,6,5,37,0,0),(23,'zhangsan','北京',0,0,7,840,0,0),(23,'zhangsan','北京',1,0,7,210,0,0),(23,'zhangsan','北京',1,1,7,35,0,0),(23,'zhangsan','北京',1,2,7,35,0,0),(23,'zhangsan','北京',1,3,7,35,0,0),(23,'zhangsan','北京',1,4,7,35,0,0),(23,'zhangsan','北京',1,5,7,35,0,0),(23,'zhangsan','北京',1,6,7,35,0,0),(23,'zhangsan','北京',2,0,7,210,0,0),(23,'zhangsan','北京',2,1,7,35,0,0),(23,'zhangsan','北京',2,2,7,35,0,0),(23,'zhangsan','北京',2,3,7,35,0,0),(23,'zhangsan','北京',2,4,7,35,0,0),(23,'zhangsan','北京',2,5,7,35,0,0),(23,'zhangsan','北京',2,6,7,35,0,0),(23,'zhangsan','北京',3,0,7,210,0,0),(23,'zhangsan','北京',3,1,7,35,0,0),(23,'zhangsan','北京',3,2,7,35,0,0),(23,'zhangsan','北京',3,3,7,35,0,0),(23,'zhangsan','北京',3,4,7,35,0,0),(23,'zhangsan','北京',3,5,7,35,0,0),(23,'zhangsan','北京',3,6,7,35,0,0),(23,'zhangsan','北京',4,0,7,210,0,0),(23,'zhangsan','北京',4,1,7,35,0,0),(23,'zhangsan','北京',4,2,7,35,0,0),(23,'zhangsan','北京',4,3,7,35,0,0),(23,'zhangsan','北京',4,4,7,35,0,0),(23,'zhangsan','北京',4,5,7,35,0,0),(23,'zhangsan','北京',4,6,7,35,0,0),(24,'zhangsan','山西',0,0,4,912,0,24),(24,'zhangsan','山西',1,0,4,228,0,6),(24,'zhangsan','山西',1,1,4,38,0,1),(24,'zhangsan','山西',1,2,4,38,0,1),(24,'zhangsan','山西',1,3,4,38,0,1),(24,'zhangsan','山西',1,4,4,38,0,1),(24,'zhangsan','山西',1,5,4,38,0,1),(24,'zhangsan','山西',1,6,4,38,0,1),(24,'zhangsan','山西',2,0,4,228,0,6),(24,'zhangsan','山西',2,1,4,38,0,1),(24,'zhangsan','山西',2,2,4,38,0,1),(24,'zhangsan','山西',2,3,4,38,0,1),(24,'zhangsan','山西',2,4,4,38,0,1),(24,'zhangsan','山西',2,5,4,38,0,1),(24,'zhangsan','山西',2,6,4,38,0,1),(24,'zhangsan','山西',3,0,4,228,0,6),(24,'zhangsan','山西',3,1,4,38,0,1),(24,'zhangsan','山西',3,2,4,38,0,1),(24,'zhangsan','山西',3,3,4,38,0,1),(24,'zhangsan','山西',3,4,4,38,0,1),(24,'zhangsan','山西',3,5,4,38,0,1),(24,'zhangsan','山西',3,6,4,38,0,1),(24,'zhangsan','山西',4,0,4,228,0,6),(24,'zhangsan','山西',4,1,4,38,0,1),(24,'zhangsan','山西',4,2,4,38,0,1),(24,'zhangsan','山西',4,3,4,38,0,1),(24,'zhangsan','山西',4,4,4,38,0,1),(24,'zhangsan','山西',4,5,4,38,0,1),(24,'zhangsan','山西',4,6,4,38,0,1),(25,'zhangsan','山西',0,0,3,1032,0,48),(25,'zhangsan','山西',1,0,3,258,0,12),(25,'zhangsan','山西',1,1,3,43,0,2),(25,'zhangsan','山西',1,2,3,43,0,2),(25,'zhangsan','山西',1,3,3,43,0,2),(25,'zhangsan','山西',1,4,3,43,0,2),(25,'zhangsan','山西',1,5,3,43,0,2),(25,'zhangsan','山西',1,6,3,43,0,2),(25,'zhangsan','山西',2,0,3,258,0,12),(25,'zhangsan','山西',2,1,3,43,0,2),(25,'zhangsan','山西',2,2,3,43,0,2),(25,'zhangsan','山西',2,3,3,43,0,2),(25,'zhangsan','山西',2,4,3,43,0,2),(25,'zhangsan','山西',2,5,3,43,0,2),(25,'zhangsan','山西',2,6,3,43,0,2),(25,'zhangsan','山西',3,0,3,258,0,12),(25,'zhangsan','山西',3,1,3,43,0,2),(25,'zhangsan','山西',3,2,3,43,0,2),(25,'zhangsan','山西',3,3,3,43,0,2),(25,'zhangsan','山西',3,4,3,43,0,2),(25,'zhangsan','山西',3,5,3,43,0,2),(25,'zhangsan','山西',3,6,3,43,0,2),(25,'zhangsan','山西',4,0,3,258,0,12),(25,'zhangsan','山西',4,1,3,43,0,2),(25,'zhangsan','山西',4,2,3,43,0,2),(25,'zhangsan','山西',4,3,3,43,0,2),(25,'zhangsan','山西',4,4,3,43,0,2),(25,'zhangsan','山西',4,5,3,43,0,2),(25,'zhangsan','山西',4,6,3,43,0,2),(26,'zhangsan','北京',0,0,2,1056,0,24),(26,'zhangsan','北京',1,0,2,264,0,6),(26,'zhangsan','北京',1,1,2,44,0,1),(26,'zhangsan','北京',1,2,2,44,0,1),(26,'zhangsan','北京',1,3,2,44,0,1),(26,'zhangsan','北京',1,4,2,44,0,1),(26,'zhangsan','北京',1,5,2,44,0,1),(26,'zhangsan','北京',1,6,2,44,0,1),(26,'zhangsan','北京',2,0,2,264,0,6),(26,'zhangsan','北京',2,1,2,44,0,1),(26,'zhangsan','北京',2,2,2,44,0,1),(26,'zhangsan','北京',2,3,2,44,0,1),(26,'zhangsan','北京',2,4,2,44,0,1),(26,'zhangsan','北京',2,5,2,44,0,1),(26,'zhangsan','北京',2,6,2,44,0,1),(26,'zhangsan','北京',3,0,2,264,0,6),(26,'zhangsan','北京',3,1,2,44,0,1),(26,'zhangsan','北京',3,2,2,44,0,1),(26,'zhangsan','北京',3,3,2,44,0,1),(26,'zhangsan','北京',3,4,2,44,0,1),(26,'zhangsan','北京',3,5,2,44,0,1),(26,'zhangsan','北京',3,6,2,44,0,1),(26,'zhangsan','北京',4,0,2,264,0,6),(26,'zhangsan','北京',4,1,2,44,0,1),(26,'zhangsan','北京',4,2,2,44,0,1),(26,'zhangsan','北京',4,3,2,44,0,1),(26,'zhangsan','北京',4,4,2,44,0,1),(26,'zhangsan','北京',4,5,2,44,0,1),(26,'zhangsan','北京',4,6,2,44,0,1),(27,'zhangsan','上海',0,0,6,864,0,24),(27,'zhangsan','上海',1,0,6,216,0,6),(27,'zhangsan','上海',1,1,6,36,0,1),(27,'zhangsan','上海',1,2,6,36,0,1),(27,'zhangsan','上海',1,3,6,36,0,1),(27,'zhangsan','上海',1,4,6,36,0,1),(27,'zhangsan','上海',1,5,6,36,0,1),(27,'zhangsan','上海',1,6,6,36,0,1),(27,'zhangsan','上海',2,0,6,216,0,6),(27,'zhangsan','上海',2,1,6,36,0,1),(27,'zhangsan','上海',2,2,6,36,0,1),(27,'zhangsan','上海',2,3,6,36,0,1),(27,'zhangsan','上海',2,4,6,36,0,1),(27,'zhangsan','上海',2,5,6,36,0,1),(27,'zhangsan','上海',2,6,6,36,0,1),(27,'zhangsan','上海',3,0,6,216,0,6),(27,'zhangsan','上海',3,1,6,36,0,1),(27,'zhangsan','上海',3,2,6,36,0,1),(27,'zhangsan','上海',3,3,6,36,0,1),(27,'zhangsan','上海',3,4,6,36,0,1),(27,'zhangsan','上海',3,5,6,36,0,1),(27,'zhangsan','上海',3,6,6,36,0,1),(27,'zhangsan','上海',4,0,6,216,0,6),(27,'zhangsan','上海',4,1,6,36,0,1),(27,'zhangsan','上海',4,2,6,36,0,1),(27,'zhangsan','上海',4,3,6,36,0,1),(27,'zhangsan','上海',4,4,6,36,0,1),(27,'zhangsan','上海',4,5,6,36,0,1),(27,'zhangsan','上海',4,6,6,36,0,1);
/*!40000 ALTER TABLE `sport_score_overview` ENABLE KEYS */;
UNLOCK TABLES;
/*!40103 SET TIME_ZONE=@OLD_TIME_ZONE */;

/*!40101 SET SQL_MODE=@OLD_SQL_MODE */;
/*!40014 SET FOREIGN_KEY_CHECKS=@OLD_FOREIGN_KEY_CHECKS */;
/*!40014 SET UNIQUE_CHECKS=@OLD_UNIQUE_CHECKS */;
/*!40101 SET CHARACTER_SET_CLIENT=@OLD_CHARACTER_SET_CLIENT */;
/*!40101 SET CHARACTER_SET_RESULTS=@OLD_CHARACTER_SET_RESULTS */;
/*!40101 SET COLLATION_CONNECTION=@OLD_COLLATION_CONNECTION */;
/*!40111 SET SQL_NOTES=@OLD_SQL_NOTES */;

-- Dump completed on 2023-09-09  1:47:39
